{
  "ligand_id": "LIG",
  "ligand": "Y7W",
  "predictions": {
    "log_ic50": 0.8620225191116333,
    "pic50": 7.008201283931733,
    "binding_probability": 0.25326329469680786,
    "ic50_nm": 98.12930344090286
  }
}